{"precision": 0.009345794392523364, "recall": 0.0008368200836820083, "f1": 0.0015360983102918587, "auc": 0.5001643864032639, "_timestamp": 1733941408.6590767, "_runtime": 33.902156591415405, "_step": 0, "_wandb": {"runtime": 33}}