{"precision": 0.9196141479099679, "recall": 0.7179916317991631, "f1": 0.806390977443609, "auc": 0.8588160821930413, "_timestamp": 1733942662.0759358, "_runtime": 10.351362943649292, "_step": 0, "_wandb": {"runtime": 10}}