{"precision": 0.9505813953488372, "recall": 0.8209205020920503, "f1": 0.8810058374494836, "auc": 0.9103380321255777, "_timestamp": 1733942704.603379, "_runtime": 12.141479015350342, "_step": 0, "_wandb": {"runtime": 11}}