{"precision": 0.9285014691478942, "recall": 0.793305439330544, "f1": 0.855595667870036, "auc": 0.8964777788575727, "_timestamp": 1733941965.6291242, "_runtime": 12.409149169921875, "_step": 0, "_wandb": {"runtime": 12}}