{"precision": 0.1557377049180328, "recall": 0.015899581589958158, "f1": 0.02885345482156416, "auc": 0.5077029565046636, "_timestamp": 1733941546.145686, "_runtime": 33.947752952575684, "_step": 0, "_wandb": {"runtime": 33}}