{"precision": 0.9218106995884774, "recall": 0.7497907949790795, "f1": 0.8269497000461468, "auc": 0.8747132673335788, "_timestamp": 1733941939.4372787, "_runtime": 11.72075366973877, "_step": 0, "_wandb": {"runtime": 11}}