{"precision": 0.9285014691478942, "recall": 0.793305439330544, "f1": 0.855595667870036, "auc": 0.8964777788575727, "_timestamp": 1733941290.5437467, "_runtime": 12.483850717544556, "_step": 0, "_wandb": {"runtime": 12}}