{"precision": 0.8988636363636363, "recall": 0.6619246861924686, "f1": 0.7624096385542168, "auc": 0.8307490590978064, "_timestamp": 1733941917.4794583, "_runtime": 10.234306335449219, "_step": 0, "_wandb": {"runtime": 10}}