{"precision": 0.9433399602385686, "recall": 0.7941422594142259, "f1": 0.862335302135393, "auc": 0.8969345320901422, "_timestamp": 1733942684.2913678, "_runtime": 12.408811807632446, "_step": 0, "_wandb": {"runtime": 12}}