{"precision": 0.9433399602385686, "recall": 0.7941422594142259, "f1": 0.862335302135393, "auc": 0.8969345320901422, "_timestamp": 1733941336.0096135, "_runtime": 12.194403409957886, "_step": 0, "_wandb": {"runtime": 11}}