{"precision": 0.9218106995884774, "recall": 0.7497907949790795, "f1": 0.8269497000461468, "auc": 0.8747132673335788, "_timestamp": 1733942612.1138098, "_runtime": 11.490846872329712, "_step": 0, "_wandb": {"runtime": 11}}