{"precision": 0.9285014691478942, "recall": 0.793305439330544, "f1": 0.855595667870036, "auc": 0.8964777788575727, "_timestamp": 1733942639.2395885, "_runtime": 13.273627519607544, "_step": 0, "_wandb": {"runtime": 13}}