{"precision": 0.8988636363636363, "recall": 0.6619246861924686, "f1": 0.7624096385542168, "auc": 0.8307490590978064, "_timestamp": 1733941242.1297371, "_runtime": 10.093285083770752, "_step": 0, "_wandb": {"runtime": 9}}